{
  "episodes": 3,
  "success_rate": 0.0,
  "timeout_rate": 1.0,
  "avg_reward": -2.4378343904002944,
  "avg_steps": 220.0,
  "avg_remaining_dirt": 6.0,
  "avg_cleaned_dirt": 0.0,
  "cleaned_dirt_distribution": {
    "0": 3
  },
  "wall_hits": 0,
  "avg_wall_hits": 0.0,
  "avg_path_length": 2.3999999662240348,
  "avg_forward_moves": 8.0,
  "avg_turns": 212.0,
  "avg_turn_move_ratio": 85.23809523809524,
  "avg_action_switches": 162.66666666666666,
  "avg_max_turn_streak": 184.66666666666666,
  "avg_max_no_clean_streak": 220.0,
  "avg_first_clean_step": null,
  "avg_final_clean_step": null,
  "avg_reward_components": {
    "alignment": -0.04103562966827764,
    "clean": 0.0,
    "progress": 0.227201239267985,
    "step_penalty": -2.199999999999997,
    "terminal": 0.0,
    "turn_penalty": -0.4240000000000003,
    "wall_penalty": 0.0
  }
}