{
  "episodes": 3,
  "success_rate": 0.0,
  "timeout_rate": 1.0,
  "avg_reward": 13.562408676366397,
  "avg_steps": 220.0,
  "avg_remaining_dirt": 3.6666666666666665,
  "avg_cleaned_dirt": 2.3333333333333335,
  "cleaned_dirt_distribution": {
    "2": 2,
    "3": 1
  },
  "wall_hits": 0,
  "avg_wall_hits": 0.0,
  "avg_path_length": 43.20000081260999,
  "avg_forward_moves": 144.0,
  "avg_turns": 76.0,
  "avg_turn_move_ratio": 0.5317811088720026,
  "avg_action_switches": 65.66666666666667,
  "avg_max_turn_streak": 9.666666666666666,
  "avg_max_no_clean_streak": 149.0,
  "avg_first_clean_step": 34.333333333333336,
  "avg_final_clean_step": 71.0,
  "avg_reward_components": {
    "alignment": 0.12842203034995578,
    "clean": 11.666666666666666,
    "progress": 4.119319979349773,
    "step_penalty": -2.199999999999997,
    "terminal": 0.0,
    "turn_penalty": -0.1520000000000001,
    "wall_penalty": 0.0
  }
}